<?xml version="1.0" encoding="UTF-8"?><?xml-stylesheet type='text/xsl' href='_UpgradeReport_Files/UpgradeReport.xslt'?><UpgradeLog>
<Properties><Property Name="Solution" Value="TriviaScoring">
</Property><Property Name="Solution File" Value="E:\TriviaScoring\TriviaScoring\TriviaScoring.sln">
</Property><Property Name="User Options File" Value="E:\TriviaScoring\TriviaScoring\TriviaScoring.suo">
</Property><Property Name="Date" Value="Tuesday, November 23, 2010">
</Property><Property Name="Time" Value="14:16 PM">
</Property></Properties><Event ErrorLevel="0" Project="" Source="TriviaScoring.sln" Description="File successfully backed up as E:\TriviaScoring\TriviaScoring\Backup\TriviaScoring.sln">
</Event><Event ErrorLevel="0" Project="" Source="TriviaScoring.suo" Description="File successfully backed up as E:\TriviaScoring\TriviaScoring\Backup\TriviaScoring.suo">
</Event><Event ErrorLevel="0" Project="TriviaScoring" Source="TriviaScoring\TriviaScoring.vbproj" Description="Project file successfully backed up as E:\TriviaScoring\TriviaScoring\Backup\TriviaScoring\TriviaScoring.vbproj">
</Event><Event ErrorLevel="0" Project="TriviaScoring" Source="TriviaScoring\TriviaScoring.vbproj.user" Description="Project user file successfully backed up as E:\TriviaScoring\TriviaScoring\Backup\TriviaScoring\TriviaScoring.vbproj.user">
</Event><Event ErrorLevel="0" Project="TriviaScoring" Source="TriviaScoring\Form1.vb" Description="File successfully backed up as E:\TriviaScoring\TriviaScoring\Backup\TriviaScoring\Form1.vb">
</Event><Event ErrorLevel="0" Project="TriviaScoring" Source="TriviaScoring\Form1.Designer.vb" Description="File successfully backed up as E:\TriviaScoring\TriviaScoring\Backup\TriviaScoring\Form1.Designer.vb">
</Event><Event ErrorLevel="0" Project="TriviaScoring" Source="TriviaScoring\My Project\AssemblyInfo.vb" Description="File successfully backed up as E:\TriviaScoring\TriviaScoring\Backup\TriviaScoring\My Project\AssemblyInfo.vb">
</Event><Event ErrorLevel="0" Project="TriviaScoring" Source="TriviaScoring\My Project\Application.Designer.vb" Description="File successfully backed up as E:\TriviaScoring\TriviaScoring\Backup\TriviaScoring\My Project\Application.Designer.vb">
</Event><Event ErrorLevel="0" Project="TriviaScoring" Source="TriviaScoring\My Project\Resources.Designer.vb" Description="File successfully backed up as E:\TriviaScoring\TriviaScoring\Backup\TriviaScoring\My Project\Resources.Designer.vb">
</Event><Event ErrorLevel="0" Project="TriviaScoring" Source="TriviaScoring\My Project\Settings.Designer.vb" Description="File successfully backed up as E:\TriviaScoring\TriviaScoring\Backup\TriviaScoring\My Project\Settings.Designer.vb">
</Event><Event ErrorLevel="0" Project="TriviaScoring" Source="TriviaScoring\TriviaDataSet.Designer.vb" Description="File successfully backed up as E:\TriviaScoring\TriviaScoring\Backup\TriviaScoring\TriviaDataSet.Designer.vb">
</Event><Event ErrorLevel="0" Project="TriviaScoring" Source="TriviaScoring\app.config" Description="File successfully backed up as E:\TriviaScoring\TriviaScoring\Backup\TriviaScoring\app.config">
</Event><Event ErrorLevel="0" Project="TriviaScoring" Source="TriviaScoring\My Project\Application.myapp" Description="File successfully backed up as E:\TriviaScoring\TriviaScoring\Backup\TriviaScoring\My Project\Application.myapp">
</Event><Event ErrorLevel="0" Project="TriviaScoring" Source="TriviaScoring\My Project\Settings.settings" Description="File successfully backed up as E:\TriviaScoring\TriviaScoring\Backup\TriviaScoring\My Project\Settings.settings">
</Event><Event ErrorLevel="0" Project="TriviaScoring" Source="TriviaScoring\TriviaDataSet.xsc" Description="File successfully backed up as E:\TriviaScoring\TriviaScoring\Backup\TriviaScoring\TriviaDataSet.xsc">
</Event><Event ErrorLevel="0" Project="TriviaScoring" Source="TriviaScoring\TriviaDataSet.xsd" Description="File successfully backed up as E:\TriviaScoring\TriviaScoring\Backup\TriviaScoring\TriviaDataSet.xsd">
</Event><Event ErrorLevel="0" Project="TriviaScoring" Source="TriviaScoring\TriviaDataSet.xss" Description="File successfully backed up as E:\TriviaScoring\TriviaScoring\Backup\TriviaScoring\TriviaDataSet.xss">
</Event><Event ErrorLevel="0" Project="TriviaScoring" Source="TriviaScoring\Form1.resx" Description="File successfully backed up as E:\TriviaScoring\TriviaScoring\Backup\TriviaScoring\Form1.resx">
</Event><Event ErrorLevel="0" Project="TriviaScoring" Source="TriviaScoring\My Project\Resources.resx" Description="File successfully backed up as E:\TriviaScoring\TriviaScoring\Backup\TriviaScoring\My Project\Resources.resx">
</Event><Event ErrorLevel="0" Project="TriviaScoring" Source="TriviaScoring\TriviaScoring.vbproj" Description="Project converted successfully">
</Event><Event ErrorLevel="3" Project="TriviaScoring" Source="TriviaScoring\TriviaScoring.vbproj" Description="Converted">
</Event><Event ErrorLevel="0" Project="" Source="TriviaScoring.sln" Description="Solution converted successfully">
</Event><Event ErrorLevel="3" Project="" Source="TriviaScoring.sln" Description="Converted">
</Event><Event ErrorLevel="0" Project="TriviaScoring" Source="TriviaScoring\TriviaScoring.vbproj" Description="Scan complete: Upgrade not required for project files.">
</Event></UpgradeLog>